0, 204
11, 204
24, 205
36, 195
47, 204
61, 195
73, 195
85, 200
95, 200
107, 204
119, 198
132, 205
145, 204
156, 200
167, 200
179, 201
193, 202
205, 199
215, 196
228, 195
241, 203
253, 202
264, 195
275, 197
289, 196
300, 202
311, 199
324, 204
336, 203
348, 205
359, 202
371, 200
384, 198
397, 201
409, 196
419, 198
431, 198
443, 195
456, 198
469, 196
479, 200
492, 200
503, 196
516, 197
529, 205
540, 196
551, 203
564, 202
577, 204
588, 195
601, 197
612, 199
624, 204
637, 202
648, 203
660, 204
671, 201
685, 195
696, 205
708, 200
720, 196
733, 197
744, 205
757, 195
768, 196
779, 195
793, 202
805, 205
817, 201
829, 195
839, 195
853, 201
863, 204
875, 196
889, 200
899, 199
912, 205
924, 196
935, 205
949, 201
961, 203
973, 198
985, 199
996, 200
1008, 200
1021, 198
1033, 196
1043, 203
1056, 205
1069, 203
1079, 197
1093, 204
1105, 201
1117, 200
1127, 201
1139, 204
1153, 203
1165, 204
1177, 203
1188, 199
1200, 199
1212, 204
1225, 200
1236, 196
1249, 198
1260, 796
1271, 798
1285, 804
1295, 803
1309, 802
1321, 801
1331, 797
1343, 802
1356, 799
1368, 799
1379, 805
1391, 801
1403, 798
1416, 798
1429, 802
1439, 804
1453, 802
1465, 805
1476, 799
1487, 803
1500, 799
1513, 801
1525, 801
1535, 802
1549, 796
1559, 798
1572, 804
1585, 796
1597, 802
1608, 799
1619, 802
1633, 799
1643, 795
1657, 803
1667, 797
1680, 802
1692, 795
1705, 801
1717, 804
1727, 805
1739, 796
1753, 805
1763, 800
1777, 805
1789, 803
1799, 803
1813, 797
1824, 803
1837, 804
1848, 802
1861, 800
1873, 796
1885, 798
1895, 801
1909, 802
1919, 797
1931, 801
1945, 800
1956, 801
1967, 798
1981, 798
1991, 805
2004, 799
2016, 796
2029, 795
2041, 804
2053, 797
2065, 803
2077, 799
2088, 798
2101, 795
2111, 800
2123, 799
2135, 795
2149, 800
2161, 801
2173, 805
2185, 798
2195, 796
2208, 796
2221, 799
2232, 798
2244, 805
2256, 797
2268, 799
2279, 796
2292, 801
2304, 804
2317, 796
2328, 799
2341, 804
2351, 796
2365, 797
2377, 803
2388, 797
2401, 804
2411, 804
2424, 802
2437, 804
2447, 797
2460, 797
2472, 804
2485, 799
2496, 797
2509, 204
2520, 197
2533, 196
2544, 199
2556, 199
2569, 201
2581, 200
2592, 203
2604, 197
2616, 204
2628, 197
2640, 202
2651, 204
2664, 203
2675, 198
2689, 199
2699, 203
2712, 203
2725, 202
2736, 199
2747, 201
2760, 204
2771, 203
2785, 201
2797, 203
2807, 205
2820, 203
2832, 199
2845, 197
2857, 201
2869, 199
2879, 198
2891, 203
2904, 197
2917, 201
2928, 204
2939, 199
2951, 200
2964, 198
2975, 204
2989, 200
3001, 199
3012, 196
3025, 202
3036, 195
3049, 199
3060, 201
3072, 204
3085, 199
3095, 198
3109, 202
3120, 204
3133, 197
3143, 204
3155, 204
3169, 195
3181, 197
3193, 195
3205, 205
3217, 195
3228, 198
3239, 204
3252, 204
3265, 196
3275, 196
3287, 204
3300, 204
3313, 197
3325, 203
3335, 202
3348, 198
3360, 204
3371, 199
3383, 199
3395, 199
3407, 200
3420, 199
3431, 201
3443, 205
3455, 202
3469, 195
3481, 197
3493, 198
3503, 198
3517, 203
3529, 195
3539, 201
3551, 203
3564, 200
3577, 199
3589, 196
3600, 205
3612, 201
3625, 202
3637, 195
3649, 199
3659, 202
3671, 198
3683, 195
3697, 198
3708, 200
3719, 203
3731, 199
3743, 204
3755, 804
3767, 802
3780, 797
3792, 799
3803, 803
3817, 800
3828, 798
3841, 798
3851, 801
3864, 803
3877, 805
3888, 799
3899, 804
3913, 798
3924, 801
3936, 803
3948, 798
3961, 795
3972, 799
3983, 798
3997, 799
4009, 804
4019, 801
4033, 797
4043, 795
4057, 802
4067, 805
4080, 801
4091, 798
4105, 800
4115, 796
4128, 803
4139, 804
4153, 800
4165, 803
4177, 803
4187, 801
4199, 800
4211, 805
4224, 803
4235, 796
4249, 805
4260, 798
4273, 804
4283, 798
4296, 797
4307, 797
4321, 799
4332, 804
4345, 796
4357, 795
4368, 795
4380, 798
4392, 795
4404, 804
4415, 800
4427, 799
4439, 796
4452, 805
4464, 802
4477, 801
4488, 796
4501, 797
4512, 797
4523, 804
4537, 802
4549, 805
4561, 800
4573, 803
4584, 804
4597, 800
4608, 801
4619, 800
4631, 799
4644, 796
4655, 804
4667, 803
4681, 801
4691, 798
4705, 796
4716, 802
4728, 796
4739, 795
4752, 801
4765, 801
4777, 798
4787, 802
4800, 803
4811, 802
4824, 805
4837, 802
4848, 797
4861, 804
4873, 805
4883, 797
4895, 804
4909, 799
4919, 804
4932, 798
4943, 797
4957, 797
4968, 798
4979, 803
4993, 795
5004, 201
5015, 197
5029, 200
5040, 195
5053, 203
5064, 200
5076, 198
5088, 196
5101, 198
5113, 205
5124, 204
5135, 202
5147, 197
5159, 199
5171, 195
5184, 198
5195, 200
5207, 199
5221, 195
5231, 205
5244, 201
5257, 205
5267, 197
5281, 200
5292, 198
5305, 200
5316, 198
5328, 203
5341, 200
5351, 203
5363, 195
5376, 203
5388, 203
5399, 195
5413, 200
5425, 195
5437, 199
5448, 201
5459, 195
5471, 201
5485, 202
5495, 197
5509, 196
5521, 197
5532, 204
5544, 195
5556, 201
5568, 205
5580, 195
5593, 203
5604, 201
5615, 202
5628, 201
5641, 200
5651, 199
5664, 204
5676, 201
5689, 199
5700, 200
5712, 202
5723, 196
5737, 196
5748, 200
5761, 205
5773, 198
5783, 195
5795, 205
5807, 195
5820, 202
5832, 202
5844, 201
5857, 195
5869, 195
5881, 199
5892, 197
5903, 205
5915, 200
5928, 196
5939, 198
5952, 197
5965, 199
5975, 200
5987, 200
6000, 199
6011, 198
6023, 198
6037, 198
6048, 199
6061, 202
6072, 201
6085, 198
6097, 198
6108, 204
6119, 201
6131, 205
6144, 205
6157, 195
6168, 204
6179, 201
6191, 203
6204, 202
6215, 204
6227, 203
6241, 197
6251, 803
6265, 804
6277, 805
6288, 797
6301, 800
6313, 797
6325, 795
6335, 804
6348, 803
6359, 803
6371, 799
6384, 796
6396, 795
6407, 799
6419, 803
6432, 805
6443, 800
6457, 801
6469, 796
6480, 797
6492, 797
6504, 801
6515, 797
6527, 799
6539, 804
6553, 805
6564, 801
6576, 801
6589, 800
6600, 800
6612, 802
6624, 803
6635, 804
6648, 805
6660, 800
6672, 801
6684, 798
6696, 799
6709, 797
6721, 804
6733, 796
6743, 802
6755, 798
6767, 804
6781, 803
6792, 799
6804, 795
6815, 798
6828, 799
6840, 797
6852, 803
6865, 795
6877, 796
6888, 797
6899, 798
6912, 800
6925, 801
6935, 798
6949, 805
6959, 796
6971, 800
6985, 799
6997, 803
7008, 795
7019, 799
7031, 803
7043, 803
7056, 796
7067, 804
7081, 797
7092, 800
7103, 798
7116, 804
7127, 801
7140, 802
7151, 799
7164, 795
7175, 804
7189, 800
7200, 801
7212, 800
7223, 801
7235, 801
7248, 801
7259, 799
7272, 796
7283, 805
7295, 797
7309, 798
7319, 802
7331, 804
7343, 800
7357, 799
7368, 804
7379, 797
7392, 802
7404, 801
7417, 796
7428, 801
7439, 803
7453, 795
7463, 804
7477, 795
7487, 802
7499, 795
7512, 205
7525, 203
7536, 195
7549, 204
7559, 205
7572, 200
7585, 201
7596, 195
7609, 200
7619, 199
7633, 200
7644, 201
7656, 199
7669, 201
7681, 205
7693, 200
7704, 203
7717, 201
7729, 199
7739, 200
7752, 197
7765, 204
7776, 198
7788, 204
7801, 203
7813, 199
7824, 201
7836, 202
7847, 200
7859, 201
7873, 198
7884, 198
7897, 205
7907, 195
7921, 198
7932, 196
7944, 205
7956, 204
7969, 204
7980, 200
7992, 204
8004, 195
8016, 199
8027, 200
8039, 197
8052, 204
8063, 202
8077, 200
8087, 197
8101, 199
8111, 200
8124, 204
8136, 203
8149, 196
8159, 197
8171, 197
8183, 199
8196, 195
8208, 198
8221, 205
8232, 201
8243, 204
8257, 199
8268, 201
8279, 197
8293, 201
8304, 203
8317, 205
8327, 201
8340, 205
8352, 200
8363, 197
8375, 199
8388, 200
8400, 200
8412, 201
8425, 195
8436, 205
8448, 195
8460, 196
8471, 205
8484, 204
8496, 204
8508, 196
8520, 201
8533, 203
8544, 200
8555, 198
8568, 196
8581, 196
8591, 197
8603, 201
8617, 197
8627, 199
8640, 198
8653, 202
8665, 196
8676, 201
8687, 196
8699, 202
8713, 196
8725, 201
8736, 197
8747, 198
8761, 801
8771, 797
8784, 796
8796, 796
8808, 801
8820, 799
8833, 802
8843, 802
8857, 795
8868, 797
8881, 795
8892, 805
8904, 797
8916, 801
8928, 800
8941, 796
8953, 798
8964, 805
8977, 799
8989, 798
9000, 796
9011, 797
9025, 804
9037, 801
9049, 804
9059, 800
9071, 802
9084, 797
9097, 798
9108, 800
9121, 797
9131, 800
9144, 801
9156, 800
9168, 802
9181, 797
9191, 801
9205, 798
9217, 796
9227, 796
9240, 805
9253, 801
9264, 800
9275, 800
9288, 797
9299, 799
9313, 796
9323, 798
9337, 796
9347, 803
9361, 805
9371, 802
9384, 796
9395, 801
9409, 796
9419, 804
9432, 800
9444, 795
9455, 799
9468, 798
9480, 802
9493, 805
9504, 805
9515, 802
9529, 795
9541, 804
9552, 805
9563, 796
9576, 795
9589, 804
9600, 805
9612, 800
9625, 799
9637, 802
9649, 805
9659, 805
9672, 799
9684, 802
9695, 798
9707, 803
9721, 800
9732, 800
9743, 795
9757, 801
9769, 805
9779, 801
9792, 799
9804, 805
9817, 798
9829, 805
9841, 799
9851, 797
9863, 803
9877, 803
9887, 796
9901, 797
9912, 801
9925, 801
9935, 795
9949, 802
9961, 804
9972, 804
9983, 797
9995, 795
10009, 197
10020, 205
10031, 201
10044, 195
10056, 198
10067, 203
10080, 196
10091, 198
10104, 202
10115, 198
10128, 203
10141, 196
10153, 203
10163, 198
10177, 205
10187, 196
10200, 205
10212, 195
10225, 200
10237, 197
10248, 197
10259, 198
10272, 203
10284, 200
10295, 195
10308, 203
10321, 198
10333, 205
10344, 196
10356, 196
10369, 196
10379, 203
10392, 204
10403, 200
10415, 203
10427, 202
10440, 198
10452, 195
10464, 205
10477, 201
10487, 196
10500, 195
10511, 204
10524, 205
10536, 205
10549, 204
10559, 195
10571, 199
10585, 197
10595, 200
10608, 195
10619, 198
10631, 202
10643, 196
10657, 200
10667, 205
10679, 195
10693, 204
10704, 205
10716, 195
10728, 195
10739, 199
10752, 200
10765, 195
10775, 205
10787, 203
10800, 195
10812, 204
10824, 197
10835, 205
10847, 201
10861, 205
10873, 203
10885, 204
10897, 198
10909, 196
10920, 204
10931, 201
10945, 199
10956, 202
10967, 204
10981, 203
10992, 196
11003, 195
11015, 201
11027, 196
11040, 200
11052, 204
11065, 202
11076, 200
11089, 205
11100, 197
11113, 200
11124, 200
11136, 201
11148, 202
11161, 195
11173, 202
11183, 199
11195, 202
11208, 196
11220, 198
11231, 205
11243, 204
11257, 796
11269, 801
11279, 801
11292, 796
11304, 802
11316, 795
11328, 800
11339, 796
11353, 797
11365, 803
11376, 803
11389, 805
11399, 805
11411, 799
11425, 796
11437, 804
11447, 795
11459, 799
11473, 799
11483, 797
11495, 797
11507, 796
11521, 803
11533, 801
11543, 799
11555, 797
11568, 802
11580, 799
11591, 802
11603, 795
11616, 797
11628, 804
11639, 801
11653, 796
11663, 804
11677, 799
11687, 802
11700, 801
11712, 796
11725, 800
11735, 802
11747, 798
11761, 805
11772, 804
11783, 796
11796, 798
11809, 805
11821, 796
11833, 805
11845, 799
11855, 805
11867, 795
11879, 797
11891, 798
11903, 800
11917, 805
11927, 805
11940, 797
11953, 800
11963, 800
11976, 802
11988, 798
12001, 805
12011, 795
12025, 803
12036, 805
12047, 804
12061, 800
12072, 799
12084, 796
12096, 803
12108, 797
12121, 801
12132, 799
12144, 796
12156, 798
12169, 797
12179, 799
12193, 799
12205, 798
12216, 796
12227, 802
12241, 800
12253, 795
12265, 801
12277, 796
12287, 802
12301, 804
12311, 797
12323, 798
12336, 803
12347, 800
12359, 800
12372, 805
12385, 802
12395, 803
12408, 798
12421, 799
12433, 799
12445, 802
12456, 800
12467, 795
12481, 804
12491, 800
12503, 198
12515, 197
12527, 200
12539, 201
12552, 202
12564, 199
12576, 205
12589, 196
12600, 200
12611, 200
12623, 203
12635, 201
12648, 199
12661, 204
12671, 205
12684, 197
12696, 201
12709, 204
12719, 202
12732, 198
12745, 202
12755, 198
12769, 204
12780, 202
12793, 198
12805, 202
12817, 202
12827, 196
12841, 204
12852, 197
12863, 197
12876, 199
12889, 203
12900, 198
12913, 202
12924, 202
12936, 199
12948, 199
12959, 196
12971, 196
12983, 199
12997, 202
13007, 205
13020, 205
13031, 201
13044, 198
13056, 204
13069, 203
13081, 202
13093, 205
13104, 202
13117, 201
13128, 201
13140, 203
13152, 195
13165, 197
13177, 205
13189, 205
13199, 198
13212, 199
13224, 204
13237, 196
13247, 203
13261, 199
13272, 195
13285, 196
13297, 204
13309, 200
13321, 195
13331, 198
13343, 204
13356, 201
13369, 196
13380, 199
13393, 199
13403, 201
13415, 195
13427, 198
13439, 197
13451, 195
13464, 203
13476, 203
13488, 201
13501, 202
13511, 197
13524, 201
13536, 198
13547, 200
13561, 202
13573, 200
13583, 204
13596, 198
13607, 196
13619, 204
13632, 201
13643, 200
13657, 205
13668, 198
13679, 196
13691, 202
13704, 204
13716, 204
13729, 197
13740, 202
13752, 802
13765, 798
13775, 805
13788, 799
13799, 796
13813, 805
13825, 803
13836, 805
13849, 801
13861, 796
13872, 804
13884, 801
13897, 799
13907, 796
13921, 802
13933, 804
13945, 804
13955, 801
13967, 796
13981, 800
13991, 798
14004, 801
14016, 795
14027, 797
14039, 803
14053, 797
14063, 805
14076, 805
14087, 801
14101, 803
14111, 800
14124, 804
14136, 803
14148, 800
14159, 804
14173, 797
14184, 803
14197, 795
14208, 802
14221, 800
14231, 803
14243, 805
14257, 801
14267, 804
14280, 805
14291, 798
14304, 799
14316, 796
14328, 800
14340, 798
14352, 804
14364, 802
14375, 799
14388, 803
14400, 799
14413, 802
14425, 800
14437, 796
14448, 805
14459, 805
14472, 798
14484, 796
14497, 797
14508, 797
14519, 799
14532, 803
14544, 799
14557, 801
14567, 798
14579, 798
14593, 797
14604, 802
14615, 804
14628, 802
14641, 805
14651, 799
14664, 797
14676, 797
14687, 800
14701, 800
14712, 796
14724, 799
14736, 795
14749, 801
14759, 802
14771, 796
14785, 803
14796, 802
14809, 802
14820, 795
14833, 795
14844, 798
14855, 801
14868, 803
14881, 797
14893, 797
14903, 796
14915, 795
14928, 800
14939, 797
14953, 803
14964, 800
14976, 795
14987, 805
15000, 195
15011, 197
15024, 202
15037, 200
15047, 202
15059, 197
15071, 205
15085, 204
15095, 199
15108, 201
15120, 205
15133, 201
15145, 203
15156, 201
15168, 200
15181, 202
15193, 195
15204, 202
15217, 195
15228, 202
15239, 202
15251, 196
15265, 196
15277, 199
15289, 195
15299, 197
15311, 195
15325, 197
15335, 196
15349, 203
15361, 197
15372, 198
15384, 198
15397, 198
15409, 202
15421, 197
15431, 204
15443, 196
15455, 203
15467, 197
15481, 198
15493, 197
15504, 205
15515, 196
15528, 202
15541, 199
15551, 200
15563, 199
15575, 203
15589, 202
15601, 199
15611, 205
15625, 199
15636, 200
15649, 201
15661, 203
15673, 196
15684, 201
15696, 202
15707, 199
15721, 203
15731, 202
15745, 202
15755, 197
15768, 196
15781, 205
15793, 205
15805, 204
15816, 205
15829, 198
15841, 199
15852, 201
15864, 205
15875, 196
15888, 198
15901, 201
15913, 201
15924, 198
15935, 199
15947, 197
15961, 204
15972, 204
15985, 205
15996, 197
16007, 195
16020, 198
16031, 204
16043, 200
16056, 195
16067, 199
16081, 197
16092, 205
16104, 204
16116, 203
16128, 205
16139, 203
16153, 204
16164, 202
16175, 204
16188, 197
16201, 199
16211, 196
16224, 202
16235, 199
16247, 202
16259, 799
16272, 797
16283, 795
16297, 805
16309, 802
16321, 803
16331, 798
16343, 803
16356, 804
16367, 796
16379, 803
16393, 799
16404, 798
16415, 797
16428, 801
16441, 801
16451, 801
16463, 802
16475, 797
16487, 799
16501, 802
16513, 800
16523, 795
16536, 797
16547, 804
16559, 803
16572, 804
16584, 796
16596, 801
16607, 800
16619, 800
16632, 805
16645, 805
16657, 803
16669, 804
16681, 801
16692, 796
16703, 803
16716, 800
16728, 802
16740, 804
16751, 802
16763, 796
16775, 804
16789, 804
16799, 805
16812, 796
16825, 795
16837, 802
16848, 801
16861, 796
16873, 800
16884, 799
16896, 797
16907, 800
16920, 805
16932, 798
16943, 796
16955, 795
16968, 797
16980, 802
16991, 803
17003, 798
17016, 799
17027, 802
17041, 795
17053, 799
17065, 798
17076, 799
17087, 805
17101, 801
17111, 804
17125, 804
17136, 795
17148, 801
17159, 798
17172, 798
17183, 801
17195, 800
17207, 805
17219, 797
17232, 798
17243, 804
17257, 801
17267, 801
17280, 804
17291, 797
17304, 795
17317, 803
17329, 797
17339, 801
17351, 800
17363, 803
17375, 805
17387, 803
17399, 800
17411, 796
17425, 800
17435, 803
17449, 797
17460, 803
17471, 797
17484, 802
17497, 795
17507, 198
17521, 198
17532, 197
17544, 199
17555, 201
17568, 203
17580, 197
17592, 198
17603, 200
17615, 199
17627, 198
17641, 203
17652, 195
17664, 198
17675, 201
17689, 201
17700, 205
17711, 201
17725, 201
17736, 200
17748, 199
17759, 204
17772, 196
17785, 197
17796, 204
17807, 196
17821, 205
17831, 205
17844, 200
17856, 205
17868, 197
17879, 200
17893, 204
17905, 197
17916, 201
17929, 202
17939, 198
17951, 201
17965, 198
17977, 199
17987, 198
18001, 202
18013, 202
18025, 203
18035, 201
18049, 196
18060, 201
18073, 202
18083, 201
18097, 196
18107, 199
18119, 204
18131, 197
18144, 197
18157, 202
18169, 197
18179, 198
18191, 195
18205, 198
18215, 201
18228, 202
18240, 198
18252, 203
18265, 197
18277, 198
18289, 197
18301, 202
18313, 198
18325, 197
18337, 202
18348, 196
18360, 197
18371, 202
18384, 204
18395, 203
18407, 199
18420, 204
18432, 205
18443, 202
18456, 202
18468, 198
18480, 205
18491, 204
18503, 199
18515, 201
18527, 200
18541, 196
18552, 204
18564, 204
18576, 205
18588, 196
18600, 198
18613, 204
18625, 195
18635, 195
18649, 199
18661, 199
18673, 205
18683, 195
18695, 204
18709, 200
18719, 203
18732, 203
18745, 197
18757, 799
18768, 803
18780, 795
18791, 800
18804, 798
18816, 801
18828, 801
18840, 798
18851, 803
18864, 797
18875, 798
18887, 795
18900, 798
18913, 800
18924, 798
18935, 800
18947, 804
18960, 798
18972, 798
18983, 796
18997, 804
19009, 796
19019, 796
19032, 803
19045, 801
19056, 801
19069, 797
19080, 805
19093, 796
19105, 803
19115, 802
19129, 796
19140, 797
19151, 799
19164, 796
19177, 805
19189, 805
19200, 803
19211, 802
19223, 798
19235, 804
19248, 801
19260, 804
19273, 801
19283, 800
19296, 801
19308, 801
19320, 803
19333, 796
19343, 797
19355, 798
19367, 798
19381, 801
19391, 804
19405, 795
19415, 802
19427, 801
19440, 797
19452, 805
19463, 799
19475, 798
19487, 800
19499, 805
19513, 797
19525, 800
19537, 802
19549, 795
19560, 801
19572, 796
19584, 801
19597, 803
19607, 797
19620, 803
19633, 802
19644, 804
19657, 797
19668, 798
19681, 795
19691, 799
19703, 801
19717, 802
19727, 803
19739, 802
19753, 800
19763, 798
19775, 803
19789, 795
19800, 805
19811, 796
19823, 802
19835, 805
19849, 800
19861, 801
19871, 800
19884, 805
19896, 804
19909, 802
19920, 799
19932, 801
19943, 804
19956, 801
19967, 797
19980, 802
19992, 800
20005, 204
20015, 205
20028, 196
20039, 196
20051, 201
20065, 203
20076, 200
20088, 205
20101, 200
20113, 198
20125, 205
20136, 200
20148, 202
20159, 198
20171, 204
20183, 199
20196, 197
20208, 202
20221, 204
20231, 195
20244, 198
20257, 201
20269, 200
20280, 202
20292, 195
20305, 195
20316, 197
20327, 200
20339, 195
20353, 205
20365, 205
20376, 201
20387, 204
20401, 199
20412, 201
20424, 196
20437, 205
20447, 202
20460, 198
20472, 197
20484, 203
20497, 204
20508, 204
20521, 205
20531, 205
20545, 197
20557, 205
20568, 199
20581, 204
20592, 203
20603, 200
20615, 201
20627, 197
20641, 196
20651, 202
20664, 203
20675, 202
20688, 202
20700, 196
20711, 198
20725, 204
20737, 202
20747, 204
20759, 202
20771, 198
20785, 197
20795, 200
20807, 204
20821, 203
20831, 199
20844, 203
20857, 204
20868, 201
20879, 196
20893, 204
20905, 203
20916, 203
20928, 202
20941, 196
20953, 205
20963, 197
20977, 201
20989, 199
21001, 196
21011, 199
21025, 205
21035, 196
21049, 197
21061, 202
21071, 201
21085, 202
21097, 197
21107, 200
21121, 201
21131, 199
21143, 197
21155, 204
21169, 204
21181, 196
21191, 195
21204, 205
21216, 196
21228, 197
21240, 199
21253, 795
21264, 804
21275, 795
21288, 803
21301, 804
21313, 801
21323, 800
21335, 804
21348, 804
21359, 805
21373, 800
21384, 802
21395, 797
21408, 805
21421, 799
21432, 801
21445, 801
21456, 799
21468, 803
21479, 795
21491, 797
21503, 803
21517, 801
21528, 796
21541, 797
21553, 800
21564, 802
21576, 798
21588, 798
21601, 804
21612, 797
21625, 798
21636, 802
21649, 802
21660, 802
21673, 798
21684, 805
21697, 799
21708, 804
21720, 805
21731, 802
21745, 804
21756, 799
21769, 801
21781, 802
21792, 796
21804, 800
21816, 799
21828, 800
21841, 800
21852, 803
21863, 804
21875, 800
21889, 797
21899, 796
21911, 795
21925, 797
21935, 802
21947, 802
21960, 797
21973, 798
21984, 799
21997, 800
22007, 797
22020, 805
22032, 798
22045, 798
22056, 803
22068, 799
22080, 801
22092, 804
22105, 795
22117, 800
22127, 796
22140, 798
22152, 797
22163, 798
22176, 798
22189, 803
22199, 805
22212, 800
22224, 796
22236, 805
22248, 795
22260, 803
22273, 802
22284, 799
22297, 801
22308, 795
22321, 799
22332, 805
22345, 796
22355, 804
22367, 802
22380, 795
22393, 800
22404, 799
22416, 802
22428, 797
22440, 804
22453, 802
22464, 800
22475, 796
22488, 797
22501, 198
22511, 196
22525, 203
22537, 199
22547, 205
22560, 199
22572, 199
22584, 202
22597, 199
22609, 196
22620, 199
22632, 195
22645, 205
22656, 202
22667, 204
22681, 203
22692, 195
22703, 205
22716, 199
22729, 199
22740, 205
22753, 197
22764, 200
22776, 204
22787, 205
22801, 205
22812, 200
22824, 203
22835, 199
22847, 204
22860, 205
22872, 200
22885, 195
22897, 204
22907, 205
22920, 201
22933, 196
22944, 197
22957, 200
22968, 200
22980, 205
22992, 195
23003, 202
23016, 204
23029, 205
23039, 198
23052, 203
23065, 196
23075, 202
23088, 200
23099, 198
23111, 203
23124, 204
23137, 203
23149, 199
23161, 202
23171, 196
23185, 196
23195, 195
23208, 205
23220, 196
23231, 200
23244, 204
23256, 205
23268, 204
23279, 202
23291, 196
23304, 197
23316, 198
23328, 196
23340, 205
23351, 201
23364, 200
23375, 203
23387, 197
23401, 202
23412, 201
23425, 195
23435, 205
23449, 205
23461, 199
23472, 202
23483, 195
23496, 195
23507, 203
23520, 204
23532, 205
23545, 197
23555, 196
23568, 196
23580, 197
23592, 198
23604, 196
23617, 199
23627, 205
23641, 205
23653, 203
23664, 197
23675, 199
23687, 205
23699, 197
23711, 201
23724, 205
23735, 200
23749, 195
23760, 797
23772, 797
23784, 803
23797, 805
23807, 798
23820, 803
23831, 796
23843, 801
23857, 802
23869, 795
23880, 805
23891, 800
23903, 805
23916, 801
23927, 796
23941, 804
23951, 797
23964, 803
23975, 795
23987, 797
24001, 796
24011, 795
24023, 798
24037, 803
24049, 795
24059, 804
24071, 795
24085, 801
24095, 802
24108, 796
24119, 795
24131, 796
24144, 798
24157, 798
24169, 805
24180, 799
24192, 799
24203, 795
24216, 797
24227, 799
24241, 796
24252, 803
24263, 805
24275, 802
24289, 796
24301, 801
24312, 798
24325, 802
24336, 798
24347, 796
24360, 805
24372, 805
24383, 796
24395, 803
24407, 800
24420, 795
24431, 798
24443, 795
24457, 804
24468, 804
24480, 803
24492, 801
24504, 803
24515, 803
24527, 803
24539, 801
24552, 805
24565, 795
24576, 795
24588, 803
24599, 804
24613, 798
24623, 804
24635, 798
24649, 804
24659, 797
24671, 800
24684, 799
24696, 798
24707, 804
24720, 802
24731, 797
24744, 802
24757, 802
24769, 798
24780, 796
24792, 797
24804, 798
24817, 795
24828, 798
24841, 803
24853, 797
24865, 802
24876, 805
24888, 795
24901, 803
24912, 798
24924, 805
24935, 800
24948, 797
24959, 803
24971, 803
24984, 797
24995, 797
25008, 199
25021, 198
25032, 198
25045, 196
25055, 197
25067, 197
25079, 204
25093, 201
25104, 202
25117, 205
25127, 204
25139, 199
25151, 204
25164, 204
25177, 198
25189, 201
25199, 200
25211, 197
25223, 197
25237, 198
25247, 199
25259, 196
25273, 197
25284, 196
25296, 201
25309, 203
25320, 201
25331, 202
25343, 201
25355, 200
25368, 203
25380, 195
25393, 202
25404, 197
25415, 202
25429, 199
25440, 196
25452, 205
25465, 204
25475, 203
25487, 199
25499, 203
25511, 196
25525, 205
25535, 196
25548, 203
25561, 204
25573, 202
25584, 205
25597, 198
25609, 196
25621, 195
25631, 202
25644, 203
25655, 200
25668, 201
25679, 201
25691, 195
25704, 202
25716, 201
25728, 199
25739, 203
25753, 200
25765, 197
25776, 200
25789, 196
25801, 205
25813, 198
25823, 203
25835, 201
25848, 203
25860, 196
25873, 197
25883, 195
25896, 203
25907, 201
25921, 203
25931, 201
25944, 205
25955, 200
25969, 200
25980, 201
25991, 195
26005, 201
26015, 204
26028, 198
26039, 203
26053, 196
26065, 204
26075, 203
26089, 200
26101, 198
26113, 203
26125, 202
26137, 198
26148, 202
26160, 196
26172, 196
26185, 202
26197, 205
26207, 203
26221, 203
26233, 196
26244, 200
26257, 797
26267, 801
26280, 798
26293, 800
26303, 799
26317, 804
26327, 802
26340, 798
26353, 796
26364, 804
26376, 795
26387, 802
26400, 798
26412, 803
26425, 799
26437, 804
26449, 800
26459, 803
26471, 798
26483, 800
26495, 799
26509, 801
26520, 801
26531, 805
26544, 797
26555, 795
26567, 800
26581, 802
26591, 801
26604, 803
26615, 800
26628, 805
26641, 796
26652, 803
26663, 802
26675, 800
26688, 795
26701, 803
26712, 796
26723, 796
26736, 797
26749, 802
26761, 795
26773, 799
26784, 797
26796, 795
26807, 800
26821, 798
26831, 796
26845, 801
26857, 803
26868, 797
26879, 805
26893, 799
26904, 800
26917, 798
26929, 797
26941, 804
26952, 797
26965, 805
26977, 802
26988, 804
26999, 805
27013, 795
27023, 803
27035, 797
27048, 802
27060, 796
27071, 795
27085, 797
27097, 803
27109, 795
27120, 805
27131, 798
27144, 805
27156, 797
27169, 798
27179, 795
27193, 802
27205, 802
27215, 802
27229, 803
27240, 801
27253, 803
27265, 797
27275, 803
27287, 802
27301, 803
27312, 800
27323, 795
27337, 796
27348, 800
27359, 798
27373, 795
27383, 802
27396, 803
27409, 797
27421, 804
27432, 800
27443, 796
27457, 804
27467, 796
27480, 796
27491, 797
27505, 200
27515, 198
27528, 198
27541, 200
27553, 204
27563, 198
27575, 197
27587, 199
27601, 197
27612, 200
27624, 199
27635, 202
27647, 201
27661, 199
27671, 201
27683, 196
27697, 200
27708, 200
27720, 201
27731, 199
27745, 199
27757, 201
27769, 199
27781, 203
27792, 197
27804, 201
27817, 205
27829, 204
27841, 203
27853, 204
27865, 195
27876, 196
27888, 203
27900, 202
27912, 204
27924, 204
27937, 202
27947, 201
27959, 200
27971, 202
27985, 199
27997, 199
28008, 200
28020, 203
28033, 200
28044, 199
28055, 197
28068, 202
28080, 203
28092, 204
28105, 205
28115, 203
28129, 205
28139, 201
28152, 200
28163, 196
28177, 200
28187, 201
28201, 203
28213, 201
28224, 200
28235, 195
28249, 195
28259, 200
28273, 195
28285, 196
28296, 200
28308, 203
28321, 202
28332, 196
28343, 200
28357, 197
28369, 203
28379, 204
28393, 201
28405, 199
28417, 202
28428, 198
28440, 201
28451, 204
28464, 203
28477, 199
28487, 200
28501, 199
28513, 201
28523, 203
28536, 204
28548, 198
28559, 196
28571, 195
28584, 197
28596, 199
28608, 205
28620, 197
28632, 201
28645, 197
28657, 198
28667, 202
28680, 196
28693, 196
28703, 200
28716, 199
28729, 197
28741, 199
28752, 802
28763, 797
28777, 800
28788, 798
28801, 797
28812, 798
28824, 797
28837, 801
28849, 802
28861, 799
28871, 798
28884, 803
28897, 800
28907, 802
28921, 802
28931, 796
28943, 798
28956, 798
28967, 804
28981, 799
28993, 802
29003, 800
29015, 799
29027, 797
29039, 796
29052, 804
29065, 803
29077, 796
29089, 798
29101, 798
29111, 796
29124, 805
29136, 795
29148, 795
29160, 795
29173, 804
29184, 797
29195, 803
29209, 805
29219, 796
29232, 804
29244, 805
29256, 796
29267, 801
29281, 801
29292, 805
29305, 798
29316, 796
29327, 805
29339, 800
29351, 795
29364, 804
29376, 798
29387, 804
29400, 804
29413, 805
29423, 795
29435, 804
29448, 802
29461, 805
29471, 800
29483, 802
29497, 803
29508, 802
29521, 805
29531, 797
29543, 799
29557, 797
29569, 802
29579, 799
29593, 795
29605, 796
29616, 799
29627, 798
29640, 802
29651, 804
29664, 799
29676, 796
29689, 801
29701, 795
29712, 803
29724, 804
29737, 800
29749, 798
29760, 804
29773, 804
29783, 800
29795, 798
29809, 796
29819, 801
29833, 802
29844, 797
29857, 804
29868, 802
29881, 803
29892, 800
29904, 800
29915, 804
29927, 795
29941, 795
29953, 797
29965, 798
29977, 798
29987, 802
29999, 798
30011, 195
30024, 201
30036, 195
30048, 195
30059, 200
30072, 204
30085, 195
30096, 204
30107, 199
30121, 195
30133, 198
30143, 197
30157, 205
30168, 202
30181, 198
30193, 202
30204, 205
30215, 204
30229, 201
30239, 204
30251, 201
30265, 202
30275, 203
30287, 195
30300, 203
30312, 197
30323, 201
30335, 200
30348, 205
30360, 201
30372, 198
30384, 199
30396, 198
30409, 201
30420, 195
30431, 204
30443, 196
30455, 197
30468, 199
30480, 205
30493, 203
30504, 203
30516, 195
30529, 202
30540, 197
30552, 204
30564, 195
30576, 204
30587, 198
30600, 204
30612, 196
